{"cameraMode":{"drawMode":0,"name":"Shaded","section":"Shading Mode"},"sceneLighting":true,"audioPlay":false,"sceneViewState":{"showFog":true,"showMaterialUpdate":true,"showSkybox":true,"showFlares":true,"showImageEffects":true,"showParticleSystems":true},"in2DMode":false,"pivot":{"x":92.89466857910156,"y":-9.756470680236817,"z":101.53945922851563},"rotation":{"x":-0.3372027575969696,"y":-0.16852083802223206,"z":0.061480648815631869,"w":-0.9243183732032776},"size":45.844112396240237,"orthographic":false}